{
  "Delete a product" : {
    "transaction" : "Delete a product",
    "sampleCount" : 350,
    "errorCount" : 0,
    "errorPct" : 0.0,
    "meanResTime" : 2519.162857142856,
    "medianResTime" : 1641.0,
    "minResTime" : 547.0,
    "maxResTime" : 74013.0,
    "pct1ResTime" : 2962.9,
    "pct2ResTime" : 5526.999999999997,
    "pct3ResTime" : 39075.05000000005,
    "throughput" : 0.09205874926353001,
    "receivedKBytesPerSec" : 0.09907463284998105,
    "sentKBytesPerSec" : 0.01923884017812053
  },
  "Get carts in a date range" : {
    "transaction" : "Get carts in a date range",
    "sampleCount" : 350,
    "errorCount" : 1,
    "errorPct" : 0.2857143,
    "meanResTime" : 2936.548571428571,
    "medianResTime" : 1479.5,
    "minResTime" : 557.0,
    "maxResTime" : 55699.0,
    "pct1ResTime" : 5605.800000000004,
    "pct2ResTime" : 9199.899999999996,
    "pct3ResTime" : 32008.870000000104,
    "throughput" : 0.09196380830012782,
    "receivedKBytesPerSec" : 0.14745360015318543,
    "sentKBytesPerSec" : 0.0145969452086199
  },
  "Get a single user" : {
    "transaction" : "Get a single user",
    "sampleCount" : 350,
    "errorCount" : 1,
    "errorPct" : 0.2857143,
    "meanResTime" : 13073.405714285718,
    "medianResTime" : 1361.0,
    "minResTime" : 548.0,
    "maxResTime" : 3709002.0,
    "pct1ResTime" : 4741.20000000001,
    "pct2ResTime" : 9408.8,
    "pct3ResTime" : 29442.170000000053,
    "throughput" : 0.09197161388109175,
    "receivedKBytesPerSec" : 0.08941211366666649,
    "sentKBytesPerSec" : 0.011194926494315366
  },
  "Delete a cart" : {
    "transaction" : "Delete a cart",
    "sampleCount" : 350,
    "errorCount" : 0,
    "errorPct" : 0.0,
    "meanResTime" : 2700.9942857142846,
    "medianResTime" : 1352.0,
    "minResTime" : 544.0,
    "maxResTime" : 159743.0,
    "pct1ResTime" : 3860.20000000001,
    "pct2ResTime" : 6795.549999999999,
    "pct3ResTime" : 34184.09000000022,
    "throughput" : 0.09200698517031412,
    "receivedKBytesPerSec" : 0.07493280943460656,
    "sentKBytesPerSec" : 0.01895847057708621
  },
  "Update a product" : {
    "transaction" : "Update a product",
    "sampleCount" : 350,
    "errorCount" : 0,
    "errorPct" : 0.0,
    "meanResTime" : 1435.8000000000006,
    "medianResTime" : 629.5,
    "minResTime" : 388.0,
    "maxResTime" : 109676.0,
    "pct1ResTime" : 1960.3000000000002,
    "pct2ResTime" : 3234.5499999999984,
    "pct3ResTime" : 13846.15000000003,
    "throughput" : 0.09207386112525834,
    "receivedKBytesPerSec" : 0.07484084046598845,
    "sentKBytesPerSec" : 0.03201005328182809
  },
  "Add a new cart" : {
    "transaction" : "Add a new cart",
    "sampleCount" : 350,
    "errorCount" : 0,
    "errorPct" : 0.0,
    "meanResTime" : 1632.6885714285713,
    "medianResTime" : 523.5,
    "minResTime" : 380.0,
    "maxResTime" : 65063.0,
    "pct1ResTime" : 2371.3,
    "pct2ResTime" : 4703.149999999998,
    "pct3ResTime" : 31844.220000000056,
    "throughput" : 0.09200577585973482,
    "receivedKBytesPerSec" : 0.07295257082538907,
    "sentKBytesPerSec" : 0.03791644278594541
  },
  "User login" : {
    "transaction" : "User login",
    "sampleCount" : 350,
    "errorCount" : 0,
    "errorPct" : 0.0,
    "meanResTime" : 1576.7771428571443,
    "medianResTime" : 945.0,
    "minResTime" : 546.0,
    "maxResTime" : 26284.0,
    "pct1ResTime" : 2458.800000000003,
    "pct2ResTime" : 2904.249999999998,
    "pct3ResTime" : 15106.570000000003,
    "throughput" : 0.09193230945255886,
    "receivedKBytesPerSec" : 0.07649465847015707,
    "sentKBytesPerSec" : 0.022713744425290422
  },
  "Get all products" : {
    "transaction" : "Get all products",
    "sampleCount" : 350,
    "errorCount" : 95,
    "errorPct" : 27.142857,
    "meanResTime" : 863030.571428571,
    "medianResTime" : 21888.0,
    "minResTime" : 1546.0,
    "maxResTime" : 3774562.0,
    "pct1ResTime" : 3770850.5,
    "pct2ResTime" : 3772057.15,
    "pct3ResTime" : 3774560.49,
    "throughput" : 0.09272594132726322,
    "receivedKBytesPerSec" : 0.8263839897303371,
    "sentKBytesPerSec" : 0.008312735755705824
  },
  "Get all users" : {
    "transaction" : "Get all users",
    "sampleCount" : 350,
    "errorCount" : 0,
    "errorPct" : 0.0,
    "meanResTime" : 4481.154285714289,
    "medianResTime" : 1369.0,
    "minResTime" : 557.0,
    "maxResTime" : 116936.0,
    "pct1ResTime" : 6574.500000000004,
    "pct2ResTime" : 18233.849999999995,
    "pct3ResTime" : 69313.80000000003,
    "throughput" : 0.09198887302591878,
    "receivedKBytesPerSec" : 0.33168456693478354,
    "sentKBytesPerSec" : 0.01104944470916798
  },
  "Add a new user" : {
    "transaction" : "Add a new user",
    "sampleCount" : 350,
    "errorCount" : 0,
    "errorPct" : 0.0,
    "meanResTime" : 1895.648571428572,
    "medianResTime" : 1356.0,
    "minResTime" : 545.0,
    "maxResTime" : 45343.0,
    "pct1ResTime" : 2678.200000000002,
    "pct2ResTime" : 4511.299999999999,
    "pct3ResTime" : 15271.630000000012,
    "throughput" : 0.09212684023363367,
    "receivedKBytesPerSec" : 0.063511996888745,
    "sentKBytesPerSec" : 0.05739933991118972
  },
  "Get user carts" : {
    "transaction" : "Get user carts",
    "sampleCount" : 350,
    "errorCount" : 0,
    "errorPct" : 0.0,
    "meanResTime" : 3630.357142857142,
    "medianResTime" : 1427.0,
    "minResTime" : 559.0,
    "maxResTime" : 98216.0,
    "pct1ResTime" : 5556.800000000004,
    "pct2ResTime" : 13448.149999999998,
    "pct3ResTime" : 54407.61000000017,
    "throughput" : 0.091957453650816,
    "receivedKBytesPerSec" : 0.0749124827776826,
    "sentKBytesPerSec" : 0.01167428610801375
  },
  "Sort results" : {
    "transaction" : "Sort results",
    "sampleCount" : 1050,
    "errorCount" : 2,
    "errorPct" : 0.1904762,
    "meanResTime" : 8271.53523809524,
    "medianResTime" : 1437.0,
    "minResTime" : 407.0,
    "maxResTime" : 3708969.0,
    "pct1ResTime" : 14045.0,
    "pct2ResTime" : 14881.45,
    "pct3ResTime" : 74898.23000000004,
    "throughput" : 0.27372705189708485,
    "receivedKBytesPerSec" : 1.4820988394005585,
    "sentKBytesPerSec" : 0.035751268252380515
  },
  "Update a cart - patch" : {
    "transaction" : "Update a cart - patch",
    "sampleCount" : 350,
    "errorCount" : 0,
    "errorPct" : 0.0,
    "meanResTime" : 1670.565714285714,
    "medianResTime" : 497.5,
    "minResTime" : 383.0,
    "maxResTime" : 49177.0,
    "pct1ResTime" : 2667.200000000005,
    "pct2ResTime" : 6429.749999999997,
    "pct3ResTime" : 33131.240000000034,
    "throughput" : 0.09201741074574064,
    "receivedKBytesPerSec" : 0.07283034283321081,
    "sentKBytesPerSec" : 0.038190819889589625
  },
  "Limit results" : {
    "transaction" : "Limit results",
    "sampleCount" : 1050,
    "errorCount" : 1,
    "errorPct" : 0.0952381,
    "meanResTime" : 2818.6638095238104,
    "medianResTime" : 1293.5,
    "minResTime" : 381.0,
    "maxResTime" : 148004.0,
    "pct1ResTime" : 4924.699999999996,
    "pct2ResTime" : 9274.399999999996,
    "pct3ResTime" : 24369.27000000003,
    "throughput" : 0.2738675576491209,
    "receivedKBytesPerSec" : 0.5880009310681878,
    "sentKBytesPerSec" : 0.035269872433143716
  },
  "Delete a user" : {
    "transaction" : "Delete a user",
    "sampleCount" : 350,
    "errorCount" : 0,
    "errorPct" : 0.0,
    "meanResTime" : 1549.0685714285714,
    "medianResTime" : 1085.5,
    "minResTime" : 553.0,
    "maxResTime" : 58507.0,
    "pct1ResTime" : 2374.8000000000006,
    "pct2ResTime" : 3018.1499999999996,
    "pct3ResTime" : 9239.670000000056,
    "throughput" : 0.0919248244038872,
    "receivedKBytesPerSec" : 0.08986934018856145,
    "sentKBytesPerSec" : 0.018941540966035356
  },
  "Get a single product" : {
    "transaction" : "Get a single product",
    "sampleCount" : 350,
    "errorCount" : 79,
    "errorPct" : 22.571428,
    "meanResTime" : 19809.591428571413,
    "medianResTime" : 1356.5,
    "minResTime" : 389.0,
    "maxResTime" : 3754436.0,
    "pct1ResTime" : 18427.0,