{
  "Delete a product" : {
    "transaction" : "Delete a product",
    "sampleCount" : 100,
    "errorCount" : 0,
    "errorPct" : 0.0,
    "meanResTime" : 955.43,
    "medianResTime" : 881.5,
    "minResTime" : 542.0,
    "maxResTime" : 1546.0,
    "pct1ResTime" : 1449.1000000000001,
    "pct2ResTime" : 1499.0499999999997,
    "pct3ResTime" : 1545.85,
    "throughput" : 8.307717869901138,
    "receivedKBytesPerSec" : 8.939396496219988,
    "sentKBytesPerSec" : 1.7361832267176205
  },
  "Get carts in a date range" : {
    "transaction" : "Get carts in a date range",
    "sampleCount" : 100,
    "errorCount" : 0,
    "errorPct" : 0.0,
    "meanResTime" : 1353.4399999999998,
    "medianResTime" : 1492.5,
    "minResTime" : 609.0,
    "maxResTime" : 2224.0,
    "pct1ResTime" : 1632.0,
    "pct2ResTime" : 1655.6499999999999,
    "pct3ResTime" : 2220.409999999998,
    "throughput" : 5.797101449275362,
    "receivedKBytesPerSec" : 9.268002717391305,
    "sentKBytesPerSec" : 0.9227807971014492
  },
  "Get a single user" : {
    "transaction" : "Get a single user",
    "sampleCount" : 100,
    "errorCount" : 0,
    "errorPct" : 0.0,
    "meanResTime" : 1401.6799999999994,
    "medianResTime" : 1384.5,
    "minResTime" : 1032.0,
    "maxResTime" : 1718.0,
    "pct1ResTime" : 1636.8000000000002,
    "pct2ResTime" : 1670.85,
    "pct3ResTime" : 1717.79,
    "throughput" : 5.33731853116994,
    "receivedKBytesPerSec" : 5.153014250640478,
    "sentKBytesPerSec" : 0.6515281410119556
  },
  "Delete a cart" : {
    "transaction" : "Delete a cart",
    "sampleCount" : 100,
    "errorCount" : 0,
    "errorPct" : 0.0,
    "meanResTime" : 1414.9599999999998,
    "medianResTime" : 1436.0,
    "minResTime" : 938.0,
    "maxResTime" : 2047.0,
    "pct1ResTime" : 1619.8,
    "pct2ResTime" : 1638.0,
    "pct3ResTime" : 2045.289999999999,
    "throughput" : 5.382131324004306,
    "receivedKBytesPerSec" : 4.3859114303014,
    "sentKBytesPerSec" : 1.1090133880516686
  },
  "Update a product" : {
    "transaction" : "Update a product",
    "sampleCount" : 100,
    "errorCount" : 0,
    "errorPct" : 0.0,
    "meanResTime" : 414.8500000000001,
    "medianResTime" : 392.0,
    "minResTime" : 372.0,
    "maxResTime" : 783.0,
    "pct1ResTime" : 411.9,
    "pct2ResTime" : 615.9,
    "pct3ResTime" : 782.99,
    "throughput" : 9.1726288754357,
    "receivedKBytesPerSec" : 7.461360300862228,
    "sentKBytesPerSec" : 3.188921757475693
  },
  "Add a new cart" : {
    "transaction" : "Add a new cart",
    "sampleCount" : 100,
    "errorCount" : 0,
    "errorPct" : 0.0,
    "meanResTime" : 411.5599999999999,
    "medianResTime" : 392.0,
    "minResTime" : 375.0,
    "maxResTime" : 1372.0,
    "pct1ResTime" : 405.9,
    "pct2ResTime" : 413.9,
    "pct3ResTime" : 1367.989999999998,
    "throughput" : 5.663155510250311,
    "receivedKBytesPerSec" : 4.486944656812776,
    "sentKBytesPerSec" : 2.3338394778570617
  },
  "User login" : {
    "transaction" : "User login",
    "sampleCount" : 100,
    "errorCount" : 0,
    "errorPct" : 0.0,
    "meanResTime" : 999.2400000000002,
    "medianResTime" : 1019.0,
    "minResTime" : 536.0,
    "maxResTime" : 1637.0,
    "pct1ResTime" : 1557.5000000000002,
    "pct2ResTime" : 1576.95,
    "pct3ResTime" : 1636.92,
    "throughput" : 6.778282383244086,
    "receivedKBytesPerSec" : 5.64477352063987,
    "sentKBytesPerSec" : 1.6747123466413611
  },
  "Get all products" : {
    "transaction" : "Get all products",
    "sampleCount" : 100,
    "errorCount" : 0,
    "errorPct" : 0.0,
    "meanResTime" : 727.1699999999997,
    "medianResTime" : 783.0,
    "minResTime" : 394.0,
    "maxResTime" : 1191.0,
    "pct1ResTime" : 814.8,
    "pct2ResTime" : 1014.6499999999996,
    "pct3ResTime" : 1190.95,
    "throughput" : 9.552923194497517,
    "receivedKBytesPerSec" : 105.64413569927397,
    "sentKBytesPerSec" : 1.1754573461979365
  },
  "Get all users" : {
    "transaction" : "Get all users",
    "sampleCount" : 100,
    "errorCount" : 0,
    "errorPct" : 0.0,
    "meanResTime" : 1421.3600000000001,
    "medianResTime" : 1411.0,
    "minResTime" : 1069.0,
    "maxResTime" : 1676.0,
    "pct1ResTime" : 1627.2,
    "pct2ResTime" : 1643.0,
    "pct3ResTime" : 1675.96,
    "throughput" : 5.326799126404943,
    "receivedKBytesPerSec" : 19.207584529643636,
    "sentKBytesPerSec" : 0.6398401294412188
  },
  "Add a new user" : {
    "transaction" : "Add a new user",
    "sampleCount" : 100,
    "errorCount" : 0,
    "errorPct" : 0.0,
    "meanResTime" : 1247.34,
    "medianResTime" : 1222.5,
    "minResTime" : 615.0,
    "maxResTime" : 1681.0,
    "pct1ResTime" : 1635.8,
    "pct2ResTime" : 1661.4499999999998,
    "pct3ResTime" : 1680.98,
    "throughput" : 5.936832106388032,
    "receivedKBytesPerSec" : 4.094674847126573,
    "sentKBytesPerSec" : 3.6989246912847302
  },
  "Get user carts" : {
    "transaction" : "Get user carts",
    "sampleCount" : 100,
    "errorCount" : 0,
    "errorPct" : 0.0,
    "meanResTime" : 1381.9699999999998,
    "medianResTime" : 1496.0,
    "minResTime" : 754.0,
    "maxResTime" : 1817.0,
    "pct1ResTime" : 1619.9,
    "pct2ResTime" : 1646.95,
    "pct3ResTime" : 1816.1999999999996,
    "throughput" : 5.549697541483988,
    "receivedKBytesPerSec" : 4.521377608357845,
    "sentKBytesPerSec" : 0.7045514456962096
  },
  "Sort results" : {
    "transaction" : "Sort results",
    "sampleCount" : 300,
    "errorCount" : 0,
    "errorPct" : 0.0,
    "meanResTime" : 998.1733333333333,
    "medianResTime" : 1048.5,
    "minResTime" : 376.0,
    "maxResTime" : 1929.0,
    "pct1ResTime" : 1611.9,
    "pct2ResTime" : 1650.6499999999999,
    "pct3ResTime" : 1704.92,
    "throughput" : 9.71502590673575,
    "receivedKBytesPerSec" : 52.66733120142487,
    "sentKBytesPerSec" : 1.2713022182642488
  },
  "Update a cart - patch" : {
    "transaction" : "Update a cart - patch",
    "sampleCount" : 100,
    "errorCount" : 0,
    "errorPct" : 0.0,
    "meanResTime" : 395.63999999999993,
    "medianResTime" : 391.0,
    "minResTime" : 375.0,
    "maxResTime" : 601.0,
    "pct1ResTime" : 404.8,
    "pct2ResTime" : 407.0,
    "pct3ResTime" : 600.97,
    "throughput" : 5.670863105364636,
    "receivedKBytesPerSec" : 4.492165348190994,
    "sentKBytesPerSec" : 2.3536297068163776
  },
  "Limit results" : {
    "transaction" : "Limit results",
    "sampleCount" : 300,
    "errorCount" : 0,
    "errorPct" : 0.0,
    "meanResTime" : 996.2766666666668,
    "medianResTime" : 1107.0,
    "minResTime" : 378.0,
    "maxResTime" : 2191.0,
    "pct1ResTime" : 1614.0,
    "pct2ResTime" : 1641.95,
    "pct3ResTime" : 1694.99,
    "throughput" : 10.096250925489668,
    "receivedKBytesPerSec" : 21.668947087231608,
    "sentKBytesPerSec" : 1.3014698458639027
  },
  "Delete a user" : {
    "transaction" : "Delete a user",
    "sampleCount" : 100,
    "errorCount" : 0,
    "errorPct" : 0.0,
    "meanResTime" : 1072.9299999999998,
    "medianResTime" : 1114.5,
    "minResTime" : 541.0,
    "maxResTime" : 1833.0,
    "pct1ResTime" : 1587.3000000000002,
    "pct2ResTime" : 1615.6,
    "pct3ResTime" : 1832.5299999999997,
    "throughput" : 6.327512022272842,
    "receivedKBytesPerSec" : 6.184525080675778,
    "sentKBytesPerSec" : 1.3038135124019234
  },
  "Get a single product" : {
    "transaction" : "Get a single product",
    "sampleCount" : 100,
    "errorCount" : 0,
    "errorPct" : 0.0,
    "meanResTime" : 395.7500000000001,
    "medianResTime" : 391.5,
    "minResTime" : 377.0,
    "maxResTime" : 605.0,
    "pct1ResTime" : 402.9,
    "pct2ResTime" : 410.79999999999995,
    "pct3ResTime" : 604.9,
    "throughput" : 9.986019572598362,
    "receivedKBytesPerSec" : 10.746868446674656,
    "sentKBytesPerSec" : 1.2482524465747953
  },
  "Get products in a specific category" : {
    "transaction" : "Get products in a specific category",
    "sampleCount" : 100,
    "errorCount" : 0,
    "errorPct" : 0.0,
    "meanResTime" : 797.2800000000001,
    "medianResTime" : 703.0,