{
  "Delete a product" : {
    "transaction" : "Delete a product",
    "sampleCount" : 150,
    "errorCount" : 0,
    "errorPct" : 0.0,
    "meanResTime" : 1467.6399999999999,
    "medianResTime" : 1501.0,
    "minResTime" : 548.0,
    "maxResTime" : 3067.0,
    "pct1ResTime" : 2221.8,
    "pct2ResTime" : 2308.9,
    "pct3ResTime" : 2765.0800000000054,
    "throughput" : 10.73191672032625,
    "receivedKBytesPerSec" : 11.553858571224154,
    "sentKBytesPerSec" : 2.242802908349431
  },
  "Get carts in a date range" : {
    "transaction" : "Get carts in a date range",
    "sampleCount" : 150,
    "errorCount" : 0,
    "errorPct" : 0.0,
    "meanResTime" : 2591.393333333332,
    "medianResTime" : 2454.5,
    "minResTime" : 1120.0,
    "maxResTime" : 5604.0,
    "pct1ResTime" : 5493.0,
    "pct2ResTime" : 5550.7,
    "pct3ResTime" : 5596.35,
    "throughput" : 5.714938850154303,
    "receivedKBytesPerSec" : 9.140255910199262,
    "sentKBytesPerSec" : 0.9097021802491714
  },
  "Get a single user" : {
    "transaction" : "Get a single user",
    "sampleCount" : 150,
    "errorCount" : 0,
    "errorPct" : 0.0,
    "meanResTime" : 2536.079999999999,
    "medianResTime" : 2399.5,
    "minResTime" : 1967.0,
    "maxResTime" : 5579.0,
    "pct1ResTime" : 2580.9,
    "pct2ResTime" : 5527.2,
    "pct3ResTime" : 5572.88,
    "throughput" : 5.221750330710854,
    "receivedKBytesPerSec" : 5.044088434693309,
    "sentKBytesPerSec" : 0.6374206946668524
  },
  "Delete a cart" : {
    "transaction" : "Delete a cart",
    "sampleCount" : 150,
    "errorCount" : 0,
    "errorPct" : 0.0,
    "meanResTime" : 2664.113333333335,
    "medianResTime" : 2430.0,
    "minResTime" : 1907.0,
    "maxResTime" : 5681.0,
    "pct1ResTime" : 2998.8000000000006,
    "pct2ResTime" : 5517.7,
    "pct3ResTime" : 5681.0,
    "throughput" : 5.254676662229384,
    "receivedKBytesPerSec" : 4.277498379808029,
    "sentKBytesPerSec" : 1.0827507575492188
  },
  "Update a product" : {
    "transaction" : "Update a product",
    "sampleCount" : 150,
    "errorCount" : 0,
    "errorPct" : 0.0,
    "meanResTime" : 396.28000000000014,
    "medianResTime" : 393.0,
    "minResTime" : 371.0,
    "maxResTime" : 739.0,
    "pct1ResTime" : 405.0,
    "pct2ResTime" : 408.45,
    "pct3ResTime" : 668.1100000000013,
    "throughput" : 12.627325532452227,
    "receivedKBytesPerSec" : 10.264141289249936,
    "sentKBytesPerSec" : 4.389968642141595
  },
  "Add a new cart" : {
    "transaction" : "Add a new cart",
    "sampleCount" : 150,
    "errorCount" : 0,
    "errorPct" : 0.0,
    "meanResTime" : 397.07333333333327,
    "medianResTime" : 391.0,
    "minResTime" : 371.0,
    "maxResTime" : 605.0,
    "pct1ResTime" : 403.0,
    "pct2ResTime" : 408.34999999999997,
    "pct3ResTime" : 603.98,
    "throughput" : 5.626406601650412,
    "receivedKBytesPerSec" : 4.459440055326332,
    "sentKBytesPerSec" : 2.3186949081020254
  },
  "User login" : {
    "transaction" : "User login",
    "sampleCount" : 150,
    "errorCount" : 0,
    "errorPct" : 0.0,
    "meanResTime" : 1575.6000000000006,
    "medianResTime" : 1701.5,
    "minResTime" : 547.0,
    "maxResTime" : 2570.0,
    "pct1ResTime" : 2373.2,
    "pct2ResTime" : 2459.75,
    "pct3ResTime" : 2545.5200000000004,
    "throughput" : 7.606105167080776,
    "receivedKBytesPerSec" : 6.33089409766239,
    "sentKBytesPerSec" : 1.8792427805385123
  },
  "Get all products" : {
    "transaction" : "Get all products",
    "sampleCount" : 150,
    "errorCount" : 0,
    "errorPct" : 0.0,
    "meanResTime" : 559.4400000000003,
    "medianResTime" : 417.0,
    "minResTime" : 387.0,
    "maxResTime" : 2870.0,
    "pct1ResTime" : 803.0,
    "pct2ResTime" : 1005.8999999999995,
    "pct3ResTime" : 2197.820000000012,
    "throughput" : 14.112334180073384,
    "receivedKBytesPerSec" : 156.06606189434567,
    "sentKBytesPerSec" : 1.7364786198137172
  },
  "Get all users" : {
    "transaction" : "Get all users",
    "sampleCount" : 150,
    "errorCount" : 0,
    "errorPct" : 0.0,
    "meanResTime" : 2615.760000000001,
    "medianResTime" : 2424.5,
    "minResTime" : 2119.0,
    "maxResTime" : 5900.0,
    "pct1ResTime" : 2668.3,
    "pct2ResTime" : 5587.5999999999985,
    "pct3ResTime" : 5789.840000000002,
    "throughput" : 5.21412680756396,
    "receivedKBytesPerSec" : 18.80290166156841,
    "sentKBytesPerSec" : 0.6263062473929366
  },
  "Add a new user" : {
    "transaction" : "Add a new user",
    "sampleCount" : 150,
    "errorCount" : 0,
    "errorPct" : 0.0,
    "meanResTime" : 2224.3799999999987,
    "medianResTime" : 2089.0,
    "minResTime" : 1459.0,
    "maxResTime" : 5690.0,
    "pct1ResTime" : 2557.2,
    "pct2ResTime" : 2657.5499999999997,
    "pct3ResTime" : 5684.9,
    "throughput" : 5.637826054273472,
    "receivedKBytesPerSec" : 3.8872737235022172,
    "sentKBytesPerSec" : 3.512629904908667
  },
  "Get user carts" : {
    "transaction" : "Get user carts",
    "sampleCount" : 150,
    "errorCount" : 0,
    "errorPct" : 0.0,
    "meanResTime" : 2702.34,
    "medianResTime" : 2473.0,
    "minResTime" : 1346.0,
    "maxResTime" : 5668.0,
    "pct1ResTime" : 5467.4,
    "pct2ResTime" : 5533.849999999999,
    "pct3ResTime" : 5637.400000000001,
    "throughput" : 5.4336013910019565,
    "receivedKBytesPerSec" : 4.4260503830688975,
    "sentKBytesPerSec" : 0.6898126765920451
  },
  "Sort results" : {
    "transaction" : "Sort results",
    "sampleCount" : 450,
    "errorCount" : 0,
    "errorPct" : 0.0,
    "meanResTime" : 1791.1533333333325,
    "medianResTime" : 1950.0,
    "minResTime" : 373.0,
    "maxResTime" : 5816.0,
    "pct1ResTime" : 2620.7000000000003,
    "pct2ResTime" : 5522.35,
    "pct3ResTime" : 5672.2300000000005,
    "throughput" : 9.77368489639894,
    "receivedKBytesPerSec" : 52.983086434668344,
    "sentKBytesPerSec" : 1.278978296989705
  },
  "Update a cart - patch" : {
    "transaction" : "Update a cart - patch",
    "sampleCount" : 150,
    "errorCount" : 0,
    "errorPct" : 0.0,
    "meanResTime" : 433.7866666666667,
    "medianResTime" : 393.0,
    "minResTime" : 374.0,
    "maxResTime" : 2971.0,
    "pct1ResTime" : 403.9,
    "pct2ResTime" : 410.9,
    "pct3ResTime" : 2914.3900000000012,
    "throughput" : 5.621978186724635,
    "receivedKBytesPerSec" : 4.447145791949327,
    "sentKBytesPerSec" : 2.3333405560136424
  },
  "Limit results" : {
    "transaction" : "Limit results",
    "sampleCount" : 450,
    "errorCount" : 0,
    "errorPct" : 0.0,
    "meanResTime" : 1833.34888888889,
    "medianResTime" : 2020.0,
    "minResTime" : 376.0,
    "maxResTime" : 5667.0,
    "pct1ResTime" : 2616.100000000001,
    "pct2ResTime" : 5527.25,
    "pct3ResTime" : 5614.72,
    "throughput" : 10.231690957458902,
    "receivedKBytesPerSec" : 21.95776834030604,
    "sentKBytesPerSec" : 1.3189289124849366
  },
  "Delete a user" : {
    "transaction" : "Delete a user",
    "sampleCount" : 150,
    "errorCount" : 0,
    "errorPct" : 0.0,
    "meanResTime" : 1796.6600000000005,
    "medianResTime" : 1925.5,
    "minResTime" : 567.0,
    "maxResTime" : 2668.0,
    "pct1ResTime" : 2508.8,
    "pct2ResTime" : 2549.0499999999997,
    "pct3ResTime" : 2630.7700000000004,
    "throughput" : 6.9322488215177005,
    "receivedKBytesPerSec" : 6.782230624364543,
    "sentKBytesPerSec" : 1.4284223645900729
  },
  "Get a single product" : {
    "transaction" : "Get a single product",
    "sampleCount" : 150,
    "errorCount" : 0,
    "errorPct" : 0.0,
    "meanResTime" : 406.06000000000006,
    "medianResTime" : 392.0,
    "minResTime" : 377.0,
    "maxResTime" : 1351.0,
    "pct1ResTime" : 405.8,
    "pct2ResTime" : 413.9,
    "pct3ResTime" : 1183.210000000003,
    "throughput" : 14.787066246056783,
    "receivedKBytesPerSec" : 15.916890526419559,
    "sentKBytesPerSec" : 1.8483832807570977
  },
  "Get products in a specific category" : {
    "transaction" : "Get products in a specific category",
    "sampleCount" : 150,
    "errorCount" : 0,
    "errorPct" : 0.0,