{
  "Delete a product" : {
    "transaction" : "Delete a product",
    "sampleCount" : 340,
    "errorCount" : 0,
    "errorPct" : 0.0,
    "meanResTime" : 3151.85294117647,
    "medianResTime" : 3827.5,
    "minResTime" : 554.0,
    "maxResTime" : 6311.0,
    "pct1ResTime" : 5236.3,
    "pct2ResTime" : 5306.9,
    "pct3ResTime" : 5457.3099999999995,
    "throughput" : 0.11515680292200225,
    "receivedKBytesPerSec" : 0.12389874427433602,
    "sentKBytesPerSec" : 0.024065972485652818
  },
  "Get carts in a date range" : {
    "transaction" : "Get carts in a date range",
    "sampleCount" : 340,
    "errorCount" : 1,
    "errorPct" : 0.29411766,
    "meanResTime" : 5006.429411764707,
    "medianResTime" : 5302.0,
    "minResTime" : 556.0,
    "maxResTime" : 7200.0,
    "pct1ResTime" : 5583.0,
    "pct2ResTime" : 5654.9,
    "pct3ResTime" : 6342.149999999998,
    "throughput" : 0.11515340974326546,
    "receivedKBytesPerSec" : 0.1836967437706239,
    "sentKBytesPerSec" : 0.018330083777492453
  },
  "Get a single user" : {
    "transaction" : "Get a single user",
    "sampleCount" : 340,
    "errorCount" : 0,
    "errorPct" : 0.0,
    "meanResTime" : 5326.358823529412,
    "medianResTime" : 5538.0,
    "minResTime" : 548.0,
    "maxResTime" : 6456.0,
    "pct1ResTime" : 5823.9,
    "pct2ResTime" : 5908.4,
    "pct3ResTime" : 6074.029999999997,
    "throughput" : 0.11540457619875655,
    "receivedKBytesPerSec" : 0.11150383788100905,
    "sentKBytesPerSec" : 0.014087472680512273
  },
  "Delete a cart" : {
    "transaction" : "Delete a cart",
    "sampleCount" : 340,
    "errorCount" : 2,
    "errorPct" : 0.5882353,
    "meanResTime" : 5192.873529411762,
    "medianResTime" : 5344.0,
    "minResTime" : 555.0,
    "maxResTime" : 6204.0,
    "pct1ResTime" : 5719.8,
    "pct2ResTime" : 5832.65,
    "pct3ResTime" : 6081.249999999995,
    "throughput" : 0.11519086278972619,
    "receivedKBytesPerSec" : 0.09354030075148485,
    "sentKBytesPerSec" : 0.023735617234992408
  },
  "Update a product" : {
    "transaction" : "Update a product",
    "sampleCount" : 340,
    "errorCount" : 0,
    "errorPct" : 0.0,
    "meanResTime" : 450.7058823529413,
    "medianResTime" : 400.0,
    "minResTime" : 375.0,
    "maxResTime" : 1474.0,
    "pct1ResTime" : 468.0,
    "pct2ResTime" : 733.75,
    "pct3ResTime" : 1322.8899999999933,
    "throughput" : 0.11519195553590517,
    "receivedKBytesPerSec" : 0.09360603652431991,
    "sentKBytesPerSec" : 0.040047203291779535
  },
  "Add a new cart" : {
    "transaction" : "Add a new cart",
    "sampleCount" : 340,
    "errorCount" : 0,
    "errorPct" : 0.0,
    "meanResTime" : 444.29999999999984,
    "medianResTime" : 399.0,
    "minResTime" : 373.0,
    "maxResTime" : 1824.0,
    "pct1ResTime" : 600.0,
    "pct2ResTime" : 677.6999999999999,
    "pct3ResTime" : 1062.6699999999996,
    "throughput" : 0.11522127228684403,
    "receivedKBytesPerSec" : 0.0912503761635654,
    "sentKBytesPerSec" : 0.047483766508836116
  },
  "User login" : {
    "transaction" : "User login",
    "sampleCount" : 340,
    "errorCount" : 0,
    "errorPct" : 0.0,
    "meanResTime" : 3657.8264705882348,
    "medianResTime" : 3468.0,
    "minResTime" : 547.0,
    "maxResTime" : 6331.0,
    "pct1ResTime" : 5741.1,
    "pct2ResTime" : 5798.65,
    "pct3ResTime" : 6075.289999999999,
    "throughput" : 0.11625533364084008,
    "receivedKBytesPerSec" : 0.09673007404951861,
    "sentKBytesPerSec" : 0.02872324161243412
  },
  "Get all products" : {
    "transaction" : "Get all products",
    "sampleCount" : 340,
    "errorCount" : 21,
    "errorPct" : 6.1764708,
    "meanResTime" : 129162.76470588235,
    "medianResTime" : 17407.0,
    "minResTime" : 9191.0,
    "maxResTime" : 2934342.0,
    "pct1ResTime" : 27933.600000000002,
    "pct2ResTime" : 39839.24999999991,
    "pct3ResTime" : 2934292.0,
    "throughput" : 0.11586676004164387,
    "receivedKBytesPerSec" : 1.2228772075386662,
    "sentKBytesPerSec" : 0.013376460687941847
  },
  "Get all users" : {
    "transaction" : "Get all users",
    "sampleCount" : 340,
    "errorCount" : 0,
    "errorPct" : 0.0,
    "meanResTime" : 5358.138235294121,
    "medianResTime" : 5495.5,
    "minResTime" : 554.0,
    "maxResTime" : 6502.0,
    "pct1ResTime" : 5886.6,
    "pct2ResTime" : 5929.0,
    "pct3ResTime" : 6089.269999999999,
    "throughput" : 0.1152838593781046,
    "receivedKBytesPerSec" : 0.41563778294558396,
    "sentKBytesPerSec" : 0.013847572952643425
  },
  "Add a new user" : {
    "transaction" : "Add a new user",
    "sampleCount" : 340,
    "errorCount" : 2,
    "errorPct" : 0.5882353,
    "meanResTime" : 4816.102941176471,
    "medianResTime" : 5196.0,
    "minResTime" : 558.0,
    "maxResTime" : 6129.0,
    "pct1ResTime" : 5797.5,
    "pct2ResTime" : 5899.0,
    "pct3ResTime" : 6011.54,
    "throughput" : 0.11590456009446903,
    "receivedKBytesPerSec" : 0.07971734276097617,
    "sentKBytesPerSec" : 0.07221397396510865
  },
  "Get user carts" : {
    "transaction" : "Get user carts",
    "sampleCount" : 340,
    "errorCount" : 2,
    "errorPct" : 0.5882353,
    "meanResTime" : 5143.5911764705925,
    "medianResTime" : 5368.0,
    "minResTime" : 557.0,
    "maxResTime" : 6449.0,
    "pct1ResTime" : 5781.500000000001,
    "pct2ResTime" : 5867.9,
    "pct3ResTime" : 6024.039999999999,
    "throughput" : 0.1151800535248484,
    "receivedKBytesPerSec" : 0.09351961342694536,
    "sentKBytesPerSec" : 0.01462246773264677
  },
  "Sort results" : {
    "transaction" : "Sort results",
    "sampleCount" : 1020,
    "errorCount" : 1,
    "errorPct" : 0.09803922,
    "meanResTime" : 3609.6598039215733,
    "medianResTime" : 5037.5,
    "minResTime" : 381.0,
    "maxResTime" : 16207.0,
    "pct1ResTime" : 5701.7,
    "pct2ResTime" : 5797.9,
    "pct3ResTime" : 5963.79,
    "throughput" : 0.3436460849614409,
    "receivedKBytesPerSec" : 1.8618479568218802,
    "sentKBytesPerSec" : 0.044969311899251053
  },
  "Update a cart - patch" : {
    "transaction" : "Update a cart - patch",
    "sampleCount" : 340,
    "errorCount" : 0,
    "errorPct" : 0.0,
    "meanResTime" : 415.47352941176473,
    "medianResTime" : 395.0,
    "minResTime" : 374.0,
    "maxResTime" : 1367.0,
    "pct1ResTime" : 458.0,
    "pct2ResTime" : 592.9999999999998,
    "pct3ResTime" : 774.0399999999986,
    "throughput" : 0.11521467374084762,
    "receivedKBytesPerSec" : 0.0911385927052846,
    "sentKBytesPerSec" : 0.04781859017564477
  },
  "Limit results" : {
    "transaction" : "Limit results",
    "sampleCount" : 1020,
    "errorCount" : 2,
    "errorPct" : 0.19607843,
    "meanResTime" : 3457.269607843137,
    "medianResTime" : 5014.5,
    "minResTime" : 375.0,
    "maxResTime" : 6836.0,
    "pct1ResTime" : 5727.9,
    "pct2ResTime" : 5803.75,
    "pct3ResTime" : 5978.219999999999,
    "throughput" : 0.3439031865327512,
    "receivedKBytesPerSec" : 0.7370241582084465,
    "sentKBytesPerSec" : 0.04433127013898746
  },
  "Delete a user" : {
    "transaction" : "Delete a user",
    "sampleCount" : 340,
    "errorCount" : 1,
    "errorPct" : 0.29411766,
    "meanResTime" : 4173.879411764706,
    "medianResTime" : 4868.0,
    "minResTime" : 546.0,
    "maxResTime" : 6292.0,
    "pct1ResTime" : 5711.0,
    "pct2ResTime" : 5788.85,
    "pct3ResTime" : 5975.36,
    "throughput" : 0.11606305910818511,
    "receivedKBytesPerSec" : 0.11327315865530023,
    "sentKBytesPerSec" : 0.023915337374831112
  },
  "Get a single product" : {
    "transaction" : "Get a single product",
    "sampleCount" : 340,
    "errorCount" : 0,
    "errorPct" : 0.0,
    "meanResTime" : 1216.1823529411758,
    "medianResTime" : 456.0,
    "minResTime" : 378.0,
    "maxResTime" : 14900.0,
    "pct1ResTime" : 1412.7000000000005,
    "pct2ResTime" : 9499.8,
    "pct3ResTime" : 11373.759999999997,
    "throughput" : 0.11517790752230302,
    "receivedKBytesPerSec" : 0.12395585616142522,
    "sentKBytesPerSec" : 0.014397238440287877
  },