{
  "Delete a product" : {
    "transaction" : "Delete a product",
    "sampleCount" : 200,
    "errorCount" : 0,
    "errorPct" : 0.0,
    "meanResTime" : 2010.5000000000007,
    "medianResTime" : 2147.5,
    "minResTime" : 583.0,
    "maxResTime" : 3231.0,
    "pct1ResTime" : 3079.3,
    "pct2ResTime" : 3141.8,
    "pct3ResTime" : 3230.8500000000004,
    "throughput" : 12.234660794029486,
    "receivedKBytesPerSec" : 13.169584824432617,
    "sentKBytesPerSec" : 2.5568529393772557
  },
  "Get carts in a date range" : {
    "transaction" : "Get carts in a date range",
    "sampleCount" : 200,
    "errorCount" : 0,
    "errorPct" : 0.0,
    "meanResTime" : 3224.305000000001,
    "medianResTime" : 3257.5,
    "minResTime" : 1383.0,
    "maxResTime" : 4626.0,
    "pct1ResTime" : 4447.4,
    "pct2ResTime" : 4568.3,
    "pct3ResTime" : 4604.92,
    "throughput" : 6.690753378830457,
    "receivedKBytesPerSec" : 10.697103321959053,
    "sentKBytesPerSec" : 1.0650320319818012
  },
  "Get a single user" : {
    "transaction" : "Get a single user",
    "sampleCount" : 200,
    "errorCount" : 0,
    "errorPct" : 0.0,
    "meanResTime" : 3224.0899999999992,
    "medianResTime" : 3192.5,
    "minResTime" : 2852.0,
    "maxResTime" : 4509.0,
    "pct1ResTime" : 3349.5,
    "pct2ResTime" : 3928.3499999999995,
    "pct3ResTime" : 4335.95,
    "throughput" : 5.948839976204639,
    "receivedKBytesPerSec" : 5.748124721148127,
    "sentKBytesPerSec" : 0.726176754907793
  },
  "Delete a cart" : {
    "transaction" : "Delete a cart",
    "sampleCount" : 200,
    "errorCount" : 0,
    "errorPct" : 0.0,
    "meanResTime" : 3369.1699999999996,
    "medianResTime" : 3249.5,
    "minResTime" : 2721.0,
    "maxResTime" : 4940.0,
    "pct1ResTime" : 4181.4,
    "pct2ResTime" : 4420.499999999999,
    "pct3ResTime" : 4605.95,
    "throughput" : 5.8844297987525005,
    "receivedKBytesPerSec" : 4.796902123543604,
    "sentKBytesPerSec" : 1.2125143432976344
  },
  "Update a product" : {
    "transaction" : "Update a product",
    "sampleCount" : 200,
    "errorCount" : 0,
    "errorPct" : 0.0,
    "meanResTime" : 462.89000000000016,
    "medianResTime" : 416.0,
    "minResTime" : 375.0,
    "maxResTime" : 1630.0,
    "pct1ResTime" : 665.9000000000001,
    "pct2ResTime" : 710.75,
    "pct3ResTime" : 1434.7000000000003,
    "throughput" : 14.759058372075861,
    "receivedKBytesPerSec" : 11.995049950188179,
    "sentKBytesPerSec" : 5.131078887166999
  },
  "Add a new cart" : {
    "transaction" : "Add a new cart",
    "sampleCount" : 200,
    "errorCount" : 0,
    "errorPct" : 0.0,
    "meanResTime" : 439.22999999999996,
    "medianResTime" : 392.0,
    "minResTime" : 373.0,
    "maxResTime" : 2890.0,
    "pct1ResTime" : 409.8,
    "pct2ResTime" : 613.9,
    "pct3ResTime" : 1395.88,
    "throughput" : 6.601749463607856,
    "receivedKBytesPerSec" : 5.234400788083842,
    "sentKBytesPerSec" : 2.7206428453540186
  },
  "User login" : {
    "transaction" : "User login",
    "sampleCount" : 200,
    "errorCount" : 0,
    "errorPct" : 0.0,
    "meanResTime" : 2233.8799999999983,
    "medianResTime" : 2583.0,
    "minResTime" : 551.0,
    "maxResTime" : 3334.0,
    "pct1ResTime" : 3144.8,
    "pct2ResTime" : 3284.95,
    "pct3ResTime" : 3330.96,
    "throughput" : 7.855459544383346,
    "receivedKBytesPerSec" : 6.538519368617439,
    "sentKBytesPerSec" : 1.940850844461901
  },
  "Get all products" : {
    "transaction" : "Get all products",
    "sampleCount" : 200,
    "errorCount" : 0,
    "errorPct" : 0.0,
    "meanResTime" : 789.19,
    "medianResTime" : 574.0,
    "minResTime" : 394.0,
    "maxResTime" : 2634.0,
    "pct1ResTime" : 1464.9000000000003,
    "pct2ResTime" : 1730.4999999999995,
    "pct3ResTime" : 2629.1400000000017,
    "throughput" : 17.248814144027598,
    "receivedKBytesPerSec" : 190.74476471539455,
    "sentKBytesPerSec" : 2.122412677878396
  },
  "Get all users" : {
    "transaction" : "Get all users",
    "sampleCount" : 200,
    "errorCount" : 0,
    "errorPct" : 0.0,
    "meanResTime" : 3353.965000000001,
    "medianResTime" : 3247.0,
    "minResTime" : 2996.0,
    "maxResTime" : 4695.0,
    "pct1ResTime" : 4031.0000000000005,
    "pct2ResTime" : 4431.799999999999,
    "pct3ResTime" : 4685.51,
    "throughput" : 5.8780308596620126,
    "receivedKBytesPerSec" : 21.193975018368846,
    "sentKBytesPerSec" : 0.7060525349008082
  },
  "Add a new user" : {
    "transaction" : "Add a new user",
    "sampleCount" : 200,
    "errorCount" : 0,
    "errorPct" : 0.0,
    "meanResTime" : 3049.84,
    "medianResTime" : 2953.5,
    "minResTime" : 1924.0,
    "maxResTime" : 4549.0,
    "pct1ResTime" : 3407.1,
    "pct2ResTime" : 4175.799999999998,
    "pct3ResTime" : 4505.92,
    "throughput" : 6.365980201801572,
    "receivedKBytesPerSec" : 4.3896977054620105,
    "sentKBytesPerSec" : 3.966304071044339
  },
  "Get user carts" : {
    "transaction" : "Get user carts",
    "sampleCount" : 200,
    "errorCount" : 0,
    "errorPct" : 0.0,
    "meanResTime" : 3353.2499999999986,
    "medianResTime" : 3266.5,
    "minResTime" : 1818.0,
    "maxResTime" : 4757.0,
    "pct1ResTime" : 4321.4,
    "pct2ResTime" : 4498.65,
    "pct3ResTime" : 4735.800000000001,
    "throughput" : 6.299807855860396,
    "receivedKBytesPerSec" : 5.13502013969824,
    "sentKBytesPerSec" : 0.7997802942010269
  },
  "Sort results" : {
    "transaction" : "Sort results",
    "sampleCount" : 600,
    "errorCount" : 0,
    "errorPct" : 0.0,
    "meanResTime" : 2209.3033333333346,
    "medianResTime" : 2894.0,
    "minResTime" : 377.0,
    "maxResTime" : 4767.0,
    "pct1ResTime" : 3322.0,
    "pct2ResTime" : 3369.95,
    "pct3ResTime" : 4327.76,
    "throughput" : 10.478519035976248,
    "receivedKBytesPerSec" : 56.80731940927349,
    "sentKBytesPerSec" : 1.3712124519734545
  },
  "Update a cart - patch" : {
    "transaction" : "Update a cart - patch",
    "sampleCount" : 200,
    "errorCount" : 0,
    "errorPct" : 0.0,
    "meanResTime" : 420.30999999999995,
    "medianResTime" : 391.5,
    "minResTime" : 376.0,
    "maxResTime" : 1658.0,
    "pct1ResTime" : 407.8,
    "pct2ResTime" : 421.84999999999997,
    "pct3ResTime" : 1415.6500000000003,
    "throughput" : 6.386103838048406,
    "receivedKBytesPerSec" : 5.0514455544734655,
    "sentKBytesPerSec" : 2.6504825499712625
  },
  "Limit results" : {
    "transaction" : "Limit results",
    "sampleCount" : 600,
    "errorCount" : 0,
    "errorPct" : 0.0,
    "meanResTime" : 2152.949999999999,
    "medianResTime" : 2871.5,
    "minResTime" : 376.0,
    "maxResTime" : 4824.0,
    "pct1ResTime" : 3314.0,
    "pct2ResTime" : 3360.95,
    "pct3ResTime" : 4529.330000000001,
    "throughput" : 11.07951397865347,
    "receivedKBytesPerSec" : 23.77832489289803,
    "sentKBytesPerSec" : 1.4282185988107987
  },
  "Delete a user" : {
    "transaction" : "Delete a user",
    "sampleCount" : 200,
    "errorCount" : 0,
    "errorPct" : 0.0,
    "meanResTime" : 2659.2850000000017,
    "medianResTime" : 2809.5,
    "minResTime" : 898.0,
    "maxResTime" : 4345.0,
    "pct1ResTime" : 3267.8,
    "pct2ResTime" : 4131.249999999998,
    "pct3ResTime" : 4339.83,
    "throughput" : 6.856359273225917,
    "receivedKBytesPerSec" : 6.703497278882413,
    "sentKBytesPerSec" : 1.4127849674322934
  },
  "Get a single product" : {
    "transaction" : "Get a single product",
    "sampleCount" : 200,
    "errorCount" : 0,
    "errorPct" : 0.0,
    "meanResTime" : 477.9100000000002,
    "medianResTime" : 434.0,
    "minResTime" : 375.0,
    "maxResTime" : 1093.0,
    "pct1ResTime" : 714.6,
    "pct2ResTime" : 818.6499999999999,
    "pct3ResTime" : 1041.8400000000001,
    "throughput" : 18.106101756291867,
    "receivedKBytesPerSec" : 19.48952109360855,
    "sentKBytesPerSec" : 2.263262719536484
  },
  "Get products in a specific category" : {
    "transaction" : "Get products in a specific category",
    "sampleCount" : 200,
    "errorCount" : 0,
    "errorPct" : 0.0,