{
  "Delete a product" : {
    "transaction" : "Delete a product",
    "sampleCount" : 50,
    "errorCount" : 0,
    "errorPct" : 0.0,
    "meanResTime" : 593.8200000000002,
    "medianResTime" : 565.0,
    "minResTime" : 538.0,
    "maxResTime" : 790.0,
    "pct1ResTime" : 701.8,
    "pct2ResTime" : 750.4499999999998,
    "pct3ResTime" : 790.0,
    "throughput" : 5.110384300899428,
    "receivedKBytesPerSec" : 5.501648098937039,
    "sentKBytesPerSec" : 1.0679904691332787
  },
  "Get carts in a date range" : {
    "transaction" : "Get carts in a date range",
    "sampleCount" : 50,
    "errorCount" : 0,
    "errorPct" : 0.0,
    "meanResTime" : 628.7399999999999,
    "medianResTime" : 597.5,
    "minResTime" : 549.0,
    "maxResTime" : 804.0,
    "pct1ResTime" : 764.1,
    "pct2ResTime" : 788.1499999999999,
    "pct3ResTime" : 804.0,
    "throughput" : 4.767353165522502,
    "receivedKBytesPerSec" : 7.622550772311214,
    "sentKBytesPerSec" : 0.7588657870900076
  },
  "Get a single user" : {
    "transaction" : "Get a single user",
    "sampleCount" : 50,
    "errorCount" : 0,
    "errorPct" : 0.0,
    "meanResTime" : 632.8400000000001,
    "medianResTime" : 606.5,
    "minResTime" : 544.0,
    "maxResTime" : 821.0,
    "pct1ResTime" : 775.5,
    "pct2ResTime" : 799.8,
    "pct3ResTime" : 821.0,
    "throughput" : 4.720543806646526,
    "receivedKBytesPerSec" : 4.558828302020393,
    "sentKBytesPerSec" : 0.576238257647281
  },
  "Delete a cart" : {
    "transaction" : "Delete a cart",
    "sampleCount" : 50,
    "errorCount" : 0,
    "errorPct" : 0.0,
    "meanResTime" : 632.5399999999998,
    "medianResTime" : 581.5,
    "minResTime" : 546.0,
    "maxResTime" : 843.0,
    "pct1ResTime" : 783.0,
    "pct2ResTime" : 809.4499999999999,
    "pct3ResTime" : 843.0,
    "throughput" : 4.7232193463064425,
    "receivedKBytesPerSec" : 3.846471755148309,
    "sentKBytesPerSec" : 0.9732414863971283
  },
  "Update a product" : {
    "transaction" : "Update a product",
    "sampleCount" : 50,
    "errorCount" : 0,
    "errorPct" : 0.0,
    "meanResTime" : 400.0999999999999,
    "medianResTime" : 391.5,
    "minResTime" : 377.0,
    "maxResTime" : 610.0,
    "pct1ResTime" : 405.8,
    "pct2ResTime" : 487.2999999999993,
    "pct3ResTime" : 610.0,
    "throughput" : 5.307855626326964,
    "receivedKBytesPerSec" : 4.3167794585987265,
    "sentKBytesPerSec" : 1.8453091825902335
  },
  "Add a new cart" : {
    "transaction" : "Add a new cart",
    "sampleCount" : 50,
    "errorCount" : 0,
    "errorPct" : 0.0,
    "meanResTime" : 392.61999999999995,
    "medianResTime" : 391.5,
    "minResTime" : 377.0,
    "maxResTime" : 414.0,
    "pct1ResTime" : 404.9,
    "pct2ResTime" : 408.9,
    "pct3ResTime" : 414.0,
    "throughput" : 4.803535402055913,
    "receivedKBytesPerSec" : 3.8030490440964546,
    "sentKBytesPerSec" : 1.979581972331636
  },
  "User login" : {
    "transaction" : "User login",
    "sampleCount" : 50,
    "errorCount" : 0,
    "errorPct" : 0.0,
    "meanResTime" : 603.3399999999999,
    "medianResTime" : 566.5,
    "minResTime" : 547.0,
    "maxResTime" : 924.0,
    "pct1ResTime" : 763.1999999999999,
    "pct2ResTime" : 785.5999999999999,
    "pct3ResTime" : 924.0,
    "throughput" : 4.916420845624385,
    "receivedKBytesPerSec" : 4.086006637168142,
    "sentKBytesPerSec" : 1.214701634709931
  },
  "Get all products" : {
    "transaction" : "Get all products",
    "sampleCount" : 50,
    "errorCount" : 0,
    "errorPct" : 0.0,
    "meanResTime" : 833.52,
    "medianResTime" : 783.0,
    "minResTime" : 399.0,
    "maxResTime" : 1805.0,
    "pct1ResTime" : 1123.2999999999997,
    "pct2ResTime" : 1475.0999999999976,
    "pct3ResTime" : 1805.0,
    "throughput" : 4.896680050925473,
    "receivedKBytesPerSec" : 54.15288200225247,
    "sentKBytesPerSec" : 0.6025211781412202
  },
  "Get all users" : {
    "transaction" : "Get all users",
    "sampleCount" : 50,
    "errorCount" : 0,
    "errorPct" : 0.0,
    "meanResTime" : 641.52,
    "medianResTime" : 605.5,
    "minResTime" : 541.0,
    "maxResTime" : 849.0,
    "pct1ResTime" : 791.5999999999999,
    "pct2ResTime" : 809.6999999999999,
    "pct3ResTime" : 849.0,
    "throughput" : 4.722773212430339,
    "receivedKBytesPerSec" : 17.030393997355247,
    "sentKBytesPerSec" : 0.5672862354774724
  },
  "Add a new user" : {
    "transaction" : "Add a new user",
    "sampleCount" : 50,
    "errorCount" : 0,
    "errorPct" : 0.0,
    "meanResTime" : 634.0600000000001,
    "medianResTime" : 576.0,
    "minResTime" : 544.0,
    "maxResTime" : 1448.0,
    "pct1ResTime" : 766.4,
    "pct2ResTime" : 810.4499999999999,
    "pct3ResTime" : 1448.0,
    "throughput" : 4.76417341591234,
    "receivedKBytesPerSec" : 3.282441043353978,
    "sentKBytesPerSec" : 2.9683033587422583
  },
  "Get user carts" : {
    "transaction" : "Get user carts",
    "sampleCount" : 50,
    "errorCount" : 0,
    "errorPct" : 0.0,
    "meanResTime" : 639.24,
    "medianResTime" : 612.5,
    "minResTime" : 542.0,
    "maxResTime" : 832.0,
    "pct1ResTime" : 798.6999999999999,
    "pct2ResTime" : 826.15,
    "pct3ResTime" : 832.0,
    "throughput" : 4.740235115661737,
    "receivedKBytesPerSec" : 3.8618102957906713,
    "sentKBytesPerSec" : 0.601787661167994
  },
  "Sort results" : {
    "transaction" : "Sort results",
    "sampleCount" : 150,
    "errorCount" : 0,
    "errorPct" : 0.0,
    "meanResTime" : 560.1333333333332,
    "medianResTime" : 564.5,
    "minResTime" : 380.0,
    "maxResTime" : 1164.0,
    "pct1ResTime" : 773.6,
    "pct2ResTime" : 786.8,
    "pct3ResTime" : 1042.1100000000022,
    "throughput" : 7.207380357486066,
    "receivedKBytesPerSec" : 39.070101533970785,
    "sentKBytesPerSec" : 0.9431532889679031
  },
  "Update a cart - patch" : {
    "transaction" : "Update a cart - patch",
    "sampleCount" : 50,
    "errorCount" : 0,
    "errorPct" : 0.0,
    "meanResTime" : 394.1599999999999,
    "medianResTime" : 390.0,
    "minResTime" : 376.0,
    "maxResTime" : 603.0,
    "pct1ResTime" : 400.9,
    "pct2ResTime" : 405.9,
    "pct3ResTime" : 603.0,
    "throughput" : 4.798925040790863,
    "receivedKBytesPerSec" : 3.791900614262405,
    "sentKBytesPerSec" : 1.991741349937614
  },
  "Limit results" : {
    "transaction" : "Limit results",
    "sampleCount" : 150,
    "errorCount" : 0,
    "errorPct" : 0.0,
    "meanResTime" : 548.94,
    "medianResTime" : 558.5,
    "minResTime" : 377.0,
    "maxResTime" : 813.0,
    "pct1ResTime" : 747.6,
    "pct2ResTime" : 783.1499999999999,
    "pct3ResTime" : 807.9000000000001,
    "throughput" : 7.555152614082805,
    "receivedKBytesPerSec" : 16.216721913720157,
    "sentKBytesPerSec" : 0.9739063916591115
  },
  "Delete a user" : {
    "transaction" : "Delete a user",
    "sampleCount" : 50,
    "errorCount" : 0,
    "errorPct" : 0.0,
    "meanResTime" : 613.3399999999997,
    "medianResTime" : 564.0,
    "minResTime" : 542.0,
    "maxResTime" : 816.0,
    "pct1ResTime" : 787.3,
    "pct2ResTime" : 802.15,
    "pct3ResTime" : 816.0,
    "throughput" : 4.813246053138236,
    "receivedKBytesPerSec" : 4.702503790431267,
    "sentKBytesPerSec" : 0.9917919113400077
  },
  "Get a single product" : {
    "transaction" : "Get a single product",
    "sampleCount" : 50,
    "errorCount" : 0,
    "errorPct" : 0.0,
    "meanResTime" : 390.56,
    "medianResTime" : 389.5,
    "minResTime" : 375.0,
    "maxResTime" : 424.0,
    "pct1ResTime" : 398.9,
    "pct2ResTime" : 402.25,
    "pct3ResTime" : 424.0,
    "throughput" : 5.3361792956243335,
    "receivedKBytesPerSec" : 5.74035318836713,
    "sentKBytesPerSec" : 0.6670224119530417
  },
  "Get products in a specific category" : {
    "transaction" : "Get products in a specific category",
    "sampleCount" : 50,
    "errorCount" : 0,
    "errorPct" : 0.0,
    "meanResTime" : 564.4799999999999,
    "medianResTime" : 562.0,
    "minResTime" : 536.0,
    "maxResTime" : 617.0,
    "pct1ResTime" : 579.9,
    "pct2ResTime" : 596.9999999999999,