{
  "Delete a product" : {
    "transaction" : "Delete a product",
    "sampleCount" : 10,
    "errorCount" : 0,
    "errorPct" : 0.0,
    "meanResTime" : 637.5000000000001,
    "medianResTime" : 563.5,
    "minResTime" : 548.0,
    "maxResTime" : 1260.0,
    "pct1ResTime" : 1196.4,
    "pct2ResTime" : 1260.0,
    "pct3ResTime" : 1260.0,
    "throughput" : 1.0447137484329294,
    "receivedKBytesPerSec" : 1.1249036904513163,
    "sentKBytesPerSec" : 0.21832884977016298
  },
  "Get carts in a date range" : {
    "transaction" : "Get carts in a date range",
    "sampleCount" : 10,
    "errorCount" : 0,
    "errorPct" : 0.0,
    "meanResTime" : 569.0,
    "medianResTime" : 566.5,
    "minResTime" : 547.0,
    "maxResTime" : 599.0,
    "pct1ResTime" : 598.0,
    "pct2ResTime" : 599.0,
    "pct3ResTime" : 599.0,
    "throughput" : 1.054629824931449,
    "receivedKBytesPerSec" : 1.6851419136258174,
    "sentKBytesPerSec" : 0.1678756459607678
  },
  "Get a single user" : {
    "transaction" : "Get a single user",
    "sampleCount" : 10,
    "errorCount" : 0,
    "errorPct" : 0.0,
    "meanResTime" : 563.0999999999999,
    "medianResTime" : 564.0,
    "minResTime" : 555.0,
    "maxResTime" : 571.0,
    "pct1ResTime" : 570.8,
    "pct2ResTime" : 571.0,
    "pct3ResTime" : 571.0,
    "throughput" : 1.0577533319229957,
    "receivedKBytesPerSec" : 1.0224260233763485,
    "sentKBytesPerSec" : 0.1291202797757563
  },
  "Delete a cart" : {
    "transaction" : "Delete a cart",
    "sampleCount" : 10,
    "errorCount" : 0,
    "errorPct" : 0.0,
    "meanResTime" : 567.1000000000001,
    "medianResTime" : 565.5,
    "minResTime" : 563.0,
    "maxResTime" : 574.0,
    "pct1ResTime" : 573.8,
    "pct2ResTime" : 574.0,
    "pct3ResTime" : 574.0,
    "throughput" : 1.056077727320731,
    "receivedKBytesPerSec" : 0.8601258052592672,
    "sentKBytesPerSec" : 0.2176097660787834
  },
  "Update a product" : {
    "transaction" : "Update a product",
    "sampleCount" : 10,
    "errorCount" : 0,
    "errorPct" : 0.0,
    "meanResTime" : 419.7,
    "medianResTime" : 401.0,
    "minResTime" : 389.0,
    "maxResTime" : 603.0,
    "pct1ResTime" : 583.7,
    "pct2ResTime" : 603.0,
    "pct3ResTime" : 603.0,
    "throughput" : 1.1466574934067195,
    "receivedKBytesPerSec" : 0.9294196479761495,
    "sentKBytesPerSec" : 0.3986426441921798
  },
  "Add a new cart" : {
    "transaction" : "Add a new cart",
    "sampleCount" : 10,
    "errorCount" : 0,
    "errorPct" : 0.0,
    "meanResTime" : 397.1,
    "medianResTime" : 396.0,
    "minResTime" : 394.0,
    "maxResTime" : 403.0,
    "pct1ResTime" : 402.9,
    "pct2ResTime" : 403.0,
    "pct3ResTime" : 403.0,
    "throughput" : 1.0748065348237317,
    "receivedKBytesPerSec" : 0.8499788397463456,
    "sentKBytesPerSec" : 0.4429378493121238
  },
  "User login" : {
    "transaction" : "User login",
    "sampleCount" : 10,
    "errorCount" : 0,
    "errorPct" : 0.0,
    "meanResTime" : 559.9,
    "medianResTime" : 561.0,
    "minResTime" : 550.0,
    "maxResTime" : 568.0,
    "pct1ResTime" : 567.8,
    "pct2ResTime" : 568.0,
    "pct3ResTime" : 568.0,
    "throughput" : 1.0323113451016825,
    "receivedKBytesPerSec" : 0.8609315319500361,
    "sentKBytesPerSec" : 0.25505348663156807
  },
  "Get all products" : {
    "transaction" : "Get all products",
    "sampleCount" : 10,
    "errorCount" : 0,
    "errorPct" : 0.0,
    "meanResTime" : 857.7,
    "medianResTime" : 800.0,
    "minResTime" : 790.0,
    "maxResTime" : 1325.0,
    "pct1ResTime" : 1278.1000000000001,
    "pct2ResTime" : 1325.0,
    "pct3ResTime" : 1325.0,
    "throughput" : 1.034340091021928,
    "receivedKBytesPerSec" : 11.440771100537857,
    "sentKBytesPerSec" : 0.12727231588746382
  },
  "Get all users" : {
    "transaction" : "Get all users",
    "sampleCount" : 10,
    "errorCount" : 0,
    "errorPct" : 0.0,
    "meanResTime" : 567.0,
    "medianResTime" : 561.5,
    "minResTime" : 553.0,
    "maxResTime" : 598.0,
    "pct1ResTime" : 597.0,
    "pct2ResTime" : 598.0,
    "pct3ResTime" : 598.0,
    "throughput" : 1.0577533319229957,
    "receivedKBytesPerSec" : 3.8122504363232492,
    "sentKBytesPerSec" : 0.1270543552993442
  },
  "Add a new user" : {
    "transaction" : "Add a new user",
    "sampleCount" : 10,
    "errorCount" : 0,
    "errorPct" : 0.0,
    "meanResTime" : 561.1,
    "medianResTime" : 561.0,
    "minResTime" : 550.0,
    "maxResTime" : 568.0,
    "pct1ResTime" : 567.9,
    "pct2ResTime" : 568.0,
    "pct3ResTime" : 568.0,
    "throughput" : 1.0532968190436063,
    "receivedKBytesPerSec" : 0.7255816173372657,
    "sentKBytesPerSec" : 0.6562532915525595
  },
  "Get user carts" : {
    "transaction" : "Get user carts",
    "sampleCount" : 10,
    "errorCount" : 0,
    "errorPct" : 0.0,
    "meanResTime" : 567.0,
    "medianResTime" : 567.5,
    "minResTime" : 555.0,
    "maxResTime" : 581.0,
    "pct1ResTime" : 580.5,
    "pct2ResTime" : 581.0,
    "pct3ResTime" : 581.0,
    "throughput" : 1.0569707219110032,
    "receivedKBytesPerSec" : 0.8629175034351548,
    "sentKBytesPerSec" : 0.13418573618010782
  },
  "Sort results" : {
    "transaction" : "Sort results",
    "sampleCount" : 30,
    "errorCount" : 0,
    "errorPct" : 0.0,
    "meanResTime" : 513.0,
    "medianResTime" : 560.5,
    "minResTime" : 395.0,
    "maxResTime" : 607.0,
    "pct1ResTime" : 577.8,
    "pct2ResTime" : 598.75,
    "pct3ResTime" : 607.0,
    "throughput" : 1.4971554047310112,
    "receivedKBytesPerSec" : 8.118559112685897,
    "sentKBytesPerSec" : 0.19591682054097215
  },
  "Update a cart - patch" : {
    "transaction" : "Update a cart - patch",
    "sampleCount" : 10,
    "errorCount" : 0,
    "errorPct" : 0.0,
    "meanResTime" : 394.8,
    "medianResTime" : 394.5,
    "minResTime" : 387.0,
    "maxResTime" : 402.0,
    "pct1ResTime" : 401.9,
    "pct2ResTime" : 402.0,
    "pct3ResTime" : 402.0,
    "throughput" : 1.075037626316921,
    "receivedKBytesPerSec" : 0.851841337884326,
    "sentKBytesPerSec" : 0.44618260857880027
  },
  "Limit results" : {
    "transaction" : "Limit results",
    "sampleCount" : 30,
    "errorCount" : 0,
    "errorPct" : 0.0,
    "meanResTime" : 511.63333333333327,
    "medianResTime" : 562.0,
    "minResTime" : 390.0,
    "maxResTime" : 587.0,
    "pct1ResTime" : 575.8,
    "pct2ResTime" : 581.5,
    "pct3ResTime" : 587.0,
    "throughput" : 1.5759613364152132,
    "receivedKBytesPerSec" : 3.3827763842193734,
    "sentKBytesPerSec" : 0.20315126602227357
  },
  "Delete a user" : {
    "transaction" : "Delete a user",
    "sampleCount" : 10,
    "errorCount" : 0,
    "errorPct" : 0.0,
    "meanResTime" : 567.9,
    "medianResTime" : 570.0,
    "minResTime" : 552.0,
    "maxResTime" : 582.0,
    "pct1ResTime" : 581.2,
    "pct2ResTime" : 582.0,
    "pct3ResTime" : 582.0,
    "throughput" : 1.0308215647871353,
    "receivedKBytesPerSec" : 1.0086750077311617,
    "sentKBytesPerSec" : 0.21240561540047417
  },
  "Get a single product" : {
    "transaction" : "Get a single product",
    "sampleCount" : 10,
    "errorCount" : 0,
    "errorPct" : 0.0,
    "meanResTime" : 397.6,
    "medianResTime" : 396.0,
    "minResTime" : 387.0,
    "maxResTime" : 406.0,
    "pct1ResTime" : 406.0,
    "pct2ResTime" : 406.0,
    "pct3ResTime" : 406.0,
    "throughput" : 1.1436413540713632,
    "receivedKBytesPerSec" : 1.231201395242452,
    "sentKBytesPerSec" : 0.1429551692589204
  },
  "Get products in a specific category" : {
    "transaction" : "Get products in a specific category",
    "sampleCount" : 10,
    "errorCount" : 0,
    "errorPct" : 0.0,
    "meanResTime" : 563.6,
    "medianResTime" : 562.5,
    "minResTime" : 556.0,
    "maxResTime" : 575.0,
    "pct1ResTime" : 574.5,
    "pct2ResTime" : 575.0,
    "pct3ResTime" : 575.0,
    "throughput" : 1.1224604332697272,
    "receivedKBytesPerSec" : 2.452093739476933,
    "sentKBytesPerSec" : 0.15784599842855537
  },
  "Update a product - patch" : {
    "transaction" : "Update a product - patch",
    "sampleCount" : 10,