{
  "Delete a product" : {
    "transaction" : "Delete a product",
    "sampleCount" : 300,
    "errorCount" : 0,
    "errorPct" : 0.0,
    "meanResTime" : 3028.369999999999,
    "medianResTime" : 3557.0,
    "minResTime" : 602.0,
    "maxResTime" : 5291.0,
    "pct1ResTime" : 4798.100000000001,
    "pct2ResTime" : 4970.5,
    "pct3ResTime" : 5085.84,
    "throughput" : 4.749841671944269,
    "receivedKBytesPerSec" : 5.113192190468651,
    "sentKBytesPerSec" : 0.992642693160228
  },
  "Get carts in a date range" : {
    "transaction" : "Get carts in a date range",
    "sampleCount" : 300,
    "errorCount" : 0,
    "errorPct" : 0.0,
    "meanResTime" : 4488.863333333332,
    "medianResTime" : 5055.5,
    "minResTime" : 646.0,
    "maxResTime" : 5364.0,
    "pct1ResTime" : 5262.8,
    "pct2ResTime" : 5292.65,
    "pct3ResTime" : 5348.9400000000005,
    "throughput" : 3.670667694453621,
    "receivedKBytesPerSec" : 5.869005723182713,
    "sentKBytesPerSec" : 0.5842957365194729
  },
  "Get a single user" : {
    "transaction" : "Get a single user",
    "sampleCount" : 300,
    "errorCount" : 0,
    "errorPct" : 0.0,
    "meanResTime" : 4604.586666666669,
    "medianResTime" : 4509.5,
    "minResTime" : 546.0,
    "maxResTime" : 5656.0,
    "pct1ResTime" : 5065.6,
    "pct2ResTime" : 5128.5,
    "pct3ResTime" : 5225.0,
    "throughput" : 3.750281271095332,
    "receivedKBytesPerSec" : 3.622195492786959,
    "sentKBytesPerSec" : 0.4577980067255044
  },
  "Delete a cart" : {
    "transaction" : "Delete a cart",
    "sampleCount" : 300,
    "errorCount" : 0,
    "errorPct" : 0.0,
    "meanResTime" : 4570.139999999999,
    "medianResTime" : 4574.5,
    "minResTime" : 560.0,
    "maxResTime" : 5383.0,
    "pct1ResTime" : 5140.5,
    "pct2ResTime" : 5205.8,
    "pct3ResTime" : 5297.95,
    "throughput" : 3.6400257228484416,
    "receivedKBytesPerSec" : 2.9647251173908296,
    "sentKBytesPerSec" : 0.7500443628134972
  },
  "Update a product" : {
    "transaction" : "Update a product",
    "sampleCount" : 300,
    "errorCount" : 0,
    "errorPct" : 0.0,
    "meanResTime" : 581.1366666666668,
    "medianResTime" : 399.0,
    "minResTime" : 374.0,
    "maxResTime" : 15476.0,
    "pct1ResTime" : 764.0000000000003,
    "pct2ResTime" : 947.4499999999994,
    "pct3ResTime" : 4032.1100000000124,
    "throughput" : 5.044390637610976,
    "receivedKBytesPerSec" : 4.098468869804278,
    "sentKBytesPerSec" : 1.753713932606941
  },
  "Add a new cart" : {
    "transaction" : "Add a new cart",
    "sampleCount" : 300,
    "errorCount" : 0,
    "errorPct" : 0.0,
    "meanResTime" : 415.81000000000023,
    "medianResTime" : 390.0,
    "minResTime" : 375.0,
    "maxResTime" : 1704.0,
    "pct1ResTime" : 405.90000000000003,
    "pct2ResTime" : 451.0,
    "pct3ResTime" : 1442.3300000000042,
    "throughput" : 3.6261664168640912,
    "receivedKBytesPerSec" : 2.8728161790480105,
    "sentKBytesPerSec" : 1.49437717569985
  },
  "User login" : {
    "transaction" : "User login",
    "sampleCount" : 300,
    "errorCount" : 0,
    "errorPct" : 0.0,
    "meanResTime" : 3804.1433333333302,
    "medianResTime" : 4358.5,
    "minResTime" : 546.0,
    "maxResTime" : 5590.0,
    "pct1ResTime" : 5135.9,
    "pct2ResTime" : 5250.9,
    "pct3ResTime" : 5431.9,
    "throughput" : 4.948616861587187,
    "receivedKBytesPerSec" : 4.121849896079046,
    "sentKBytesPerSec" : 1.2226563144351155
  },
  "Get all products" : {
    "transaction" : "Get all products",
    "sampleCount" : 300,
    "errorCount" : 0,
    "errorPct" : 0.0,
    "meanResTime" : 3952.033333333333,
    "medianResTime" : 2376.5,
    "minResTime" : 428.0,
    "maxResTime" : 49248.0,
    "pct1ResTime" : 9913.9,
    "pct2ResTime" : 11840.549999999997,
    "pct3ResTime" : 18483.370000000003,
    "throughput" : 5.258084304618351,
    "receivedKBytesPerSec" : 58.14770287441942,
    "sentKBytesPerSec" : 0.6469908421698362
  },
  "Get all users" : {
    "transaction" : "Get all users",
    "sampleCount" : 300,
    "errorCount" : 0,
    "errorPct" : 0.0,
    "meanResTime" : 4591.8399999999965,
    "medianResTime" : 4523.0,
    "minResTime" : 745.0,
    "maxResTime" : 5977.0,
    "pct1ResTime" : 5083.9,
    "pct2ResTime" : 5254.45,
    "pct3ResTime" : 5359.400000000001,
    "throughput" : 3.663137843877065,
    "receivedKBytesPerSec" : 13.208020631097597,
    "sentKBytesPerSec" : 0.44000581523132715
  },
  "Add a new user" : {
    "transaction" : "Add a new user",
    "sampleCount" : 300,
    "errorCount" : 0,
    "errorPct" : 0.0,
    "meanResTime" : 4769.590000000001,
    "medianResTime" : 4792.0,
    "minResTime" : 569.0,
    "maxResTime" : 5909.0,
    "pct1ResTime" : 5299.9,
    "pct2ResTime" : 5407.85,
    "pct3ResTime" : 5466.89,
    "throughput" : 4.312017593031779,
    "receivedKBytesPerSec" : 2.9732147348827853,
    "sentKBytesPerSec" : 2.6865890862834725
  },
  "Get user carts" : {
    "transaction" : "Get user carts",
    "sampleCount" : 300,
    "errorCount" : 0,
    "errorPct" : 0.0,
    "meanResTime" : 4544.313333333334,
    "medianResTime" : 5008.0,
    "minResTime" : 672.0,
    "maxResTime" : 5553.0,
    "pct1ResTime" : 5230.200000000001,
    "pct2ResTime" : 5273.9,
    "pct3ResTime" : 5406.95,
    "throughput" : 3.611716408027642,
    "receivedKBytesPerSec" : 2.943360762312943,
    "sentKBytesPerSec" : 0.4585186846128842
  },
  "Sort results" : {
    "transaction" : "Sort results",
    "sampleCount" : 900,
    "errorCount" : 0,
    "errorPct" : 0.0,
    "meanResTime" : 3573.932222222225,
    "medianResTime" : 4463.0,
    "minResTime" : 376.0,
    "maxResTime" : 19029.0,
    "pct1ResTime" : 5202.9,
    "pct2ResTime" : 5298.9,
    "pct3ResTime" : 9460.720000000001,
    "throughput" : 9.423689060144078,
    "receivedKBytesPerSec" : 51.08938090943835,
    "sentKBytesPerSec" : 1.2331780606047913
  },
  "Update a cart - patch" : {
    "transaction" : "Update a cart - patch",
    "sampleCount" : 300,
    "errorCount" : 0,
    "errorPct" : 0.0,
    "meanResTime" : 398.9166666666666,
    "medianResTime" : 391.0,
    "minResTime" : 371.0,
    "maxResTime" : 1070.0,
    "pct1ResTime" : 402.0,
    "pct2ResTime" : 411.9,
    "pct3ResTime" : 638.8600000000001,
    "throughput" : 3.6441820633358843,
    "receivedKBytesPerSec" : 2.8835065079018016,
    "sentKBytesPerSec" : 1.512477907146241
  },
  "Limit results" : {
    "transaction" : "Limit results",
    "sampleCount" : 900,
    "errorCount" : 0,
    "errorPct" : 0.0,
    "meanResTime" : 3212.781111111114,
    "medianResTime" : 4401.0,
    "minResTime" : 378.0,
    "maxResTime" : 18288.0,
    "pct1ResTime" : 5060.9,
    "pct2ResTime" : 5131.0,
    "pct3ResTime" : 5398.860000000001,
    "throughput" : 9.538243055629152,
    "receivedKBytesPerSec" : 20.46851485581356,
    "sentKBytesPerSec" : 1.2295391438896954
  },
  "Delete a user" : {
    "transaction" : "Delete a user",
    "sampleCount" : 300,
    "errorCount" : 0,
    "errorPct" : 0.0,
    "meanResTime" : 4475.8166666666675,
    "medianResTime" : 4711.0,
    "minResTime" : 552.0,
    "maxResTime" : 5867.0,
    "pct1ResTime" : 5286.9,
    "pct2ResTime" : 5368.9,
    "pct3ResTime" : 5462.88,
    "throughput" : 4.610065309258547,
    "receivedKBytesPerSec" : 4.5092501440645405,
    "sentKBytesPerSec" : 0.9499255666538609
  },
  "Get a single product" : {
    "transaction" : "Get a single product",
    "sampleCount" : 300,
    "errorCount" : 0,
    "errorPct" : 0.0,
    "meanResTime" : 658.5833333333336,
    "medianResTime" : 456.5,
    "minResTime" : 375.0,
    "maxResTime" : 9337.0,
    "pct1ResTime" : 827.8000000000001,
    "pct2ResTime" : 1148.9499999999996,
    "pct3ResTime" : 4703.800000000016,
    "throughput" : 5.350931953981985,
    "receivedKBytesPerSec" : 5.758836005083386,
    "sentKBytesPerSec" : 0.6688664942477481
  },
  "Get products in a specific category" : {
    "transaction" : "Get products in a specific category",
    "sampleCount" : 300,
    "errorCount" : 0,
    "errorPct" : 0.0,